Number,Red Catfruit,Green Catfruit,Purple Catfruit,Blue Catfruit,Yellow Catfruit,Ancient Catfruit,Gold Catfruit,Epic Catfruit,Red Catfruit Seed,Green Catfruit Seed,Purple Catfruit Seed,Blue Catfruit Seed,Yellow Catfruit Seed,Ancient Catfruit Seed,Gold Catfruit Seed,Epic Catfruit Seed
No.001,0,0,0,0,0,0,0,0,0,0,0,0,0,0,0,0
No.002,0,0,0,0,0,0,0,0,0,0,0,0,0,0,0,0
No.003,0,0,0,0,0,0,0,0,0,0,0,0,0,0,0,0
No.004,0,0,0,0,0,0,0,0,0,0,0,0,0,0,0,0
No.005,0,0,0,0,0,0,0,0,0,0,0,0,0,0,0,0
No.006,0,0,0,0,0,0,0,0,0,0,0,0,0,0,0,0
No.007,0,0,0,0,0,0,0,0,0,0,0,0,0,0,0,0
No.008,0,0,0,0,0,0,0,0,0,0,0,0,0,0,0,0
No.009,0,0,0,0,0,0,0,0,0,0,0,0,0,0,0,0
No.010,0,0,0,0,0,0,0,0,0,0,0,0,0,0,0,0
No.011,0,0,0,0,0,0,0,0,0,0,0,0,0,0,0,0
No.012,0,0,0,0,0,0,0,0,0,0,0,0,0,0,0,0
No.013,0,0,0,0,0,0,0,0,0,0,0,0,0,0,0,0
No.014,0,0,0,0,0,0,0,0,0,0,0,0,0,0,0,0
No.015,0,0,0,0,0,0,0,0,0,0,0,0,0,0,0,0
No.016,0,0,0,0,0,0,0,0,0,0,0,0,0,0,0,0
No.017,0,0,0,0,0,0,0,0,3,0,0,3,3,0,1,1
No.018,0,0,0,0,0,0,0,0,0,0,0,0,0,0,0,0
No.019,0,0,0,0,0,0,0,0,0,0,0,0,0,0,0,0
No.020,0,0,0,0,0,0,0,0,0,0,0,0,0,0,0,0
No.021,0,0,0,0,0,0,0,0,0,0,0,0,0,0,0,0
No.022,0,0,0,0,0,0,0,0,0,0,0,0,0,0,0,0
No.023,0,0,0,0,0,0,0,0,0,0,0,0,0,0,0,0
No.024,0,0,0,0,0,0,0,0,0,0,0,0,0,0,0,0
No.025,0,0,0,0,0,0,0,0,0,0,0,0,0,0,0,0
No.026,0,0,0,0,0,0,0,0,0,0,0,0,0,0,0,0
No.027,0,0,0,0,0,0,0,0,0,0,0,0,0,0,0,0
No.028,0,0,0,0,0,0,0,0,0,0,0,0,0,0,0,0
No.029,0,0,0,0,0,0,0,0,0,0,0,0,0,0,0,0
No.030,0,0,0,0,0,0,0,0,0,0,0,0,0,0,0,0
No.031,0,4,2,1,1,0,0,1,0,0,0,0,0,0,0,0
No.032,1,4,1,0,2,1,0,0,0,0,0,0,0,0,0,0
No.033,4,0,2,1,1,0,0,1,0,0,0,0,0,0,0,0
No.034,2,4,1,1,0,0,0,1,0,0,0,0,0,0,0,0
No.035,6,7,7,7,0,0,0,2,0,0,0,0,0,0,0,0
No.036,2,2,2,2,0,0,0,1,0,0,0,0,0,0,0,0
No.037,1,4,0,2,1,0,0,1,0,0,0,0,0,0,0,0
No.038,0,1,0,1,0,0,0,0,3,0,2,0,3,0,0,0
No.039,0,0,0,2,0,0,0,0,3,2,1,0,2,0,0,0
No.040,4,1,0,1,2,0,0,1,0,0,0,0,0,0,0,0
No.041,4,1,0,1,2,0,0,1,0,0,0,0,0,0,0,0
No.042,1,0,0,1,0,0,0,0,0,3,2,0,3,0,0,0
No.043,8,0,4,3,6,0,0,4,0,0,0,0,0,0,0,0
No.044,7,0,4,7,3,0,0,4,0,0,0,0,0,0,0,0
No.045,5,5,7,0,7,0,0,3,0,0,0,0,0,0,0,0
No.046,0,0,0,0,0,0,0,0,0,0,0,0,0,0,0,0
No.047,1,1,0,0,0,0,0,0,0,0,3,2,3,0,0,0
No.048,2,0,0,0,0,0,0,0,0,2,3,2,1,0,0,0
No.049,2,0,0,0,0,0,0,0,0,3,2,2,1,0,0,0
No.050,0,1,1,0,0,0,0,0,3,3,0,2,0,0,0,0
No.051,0,2,0,0,0,0,0,0,2,0,1,2,3,0,0,0
No.052,0,2,0,0,0,0,0,0,3,0,1,2,2,0,0,0
No.053,0,2,0,0,0,0,0,0,2,0,3,2,1,0,0,0
No.054,0,0,0,0,0,0,0,0,0,0,0,0,0,0,0,0
No.055,0,0,0,0,0,0,0,0,0,0,0,0,0,0,0,0
No.056,2,0,0,0,0,0,0,0,0,3,2,2,1,0,0,0
No.057,0,2,0,0,0,0,0,0,2,0,1,3,2,0,0,0
No.058,0,4,5,4,4,0,0,3,0,0,0,0,0,0,0,0
No.059,2,0,0,0,0,0,0,0,0,3,2,2,1,0,0,0
No.060,0,0,0,0,0,0,0,0,0,0,0,0,0,0,0,0
No.061,0,0,0,0,0,0,0,0,0,0,0,0,0,0,0,0
No.062,4,1,2,0,1,0,0,1,0,0,0,0,0,0,0,0
No.063,0,0,0,0,0,0,0,0,0,0,0,0,0,0,0,0
No.064,0,0,0,0,0,0,0,0,0,0,0,0,0,0,0,0
No.065,0,0,0,0,0,0,0,0,0,0,0,0,0,0,0,0
No.066,0,0,0,0,0,0,0,0,0,0,0,0,0,0,0,0
No.067,0,0,0,0,0,0,0,3,0,0,0,0,0,0,0,0
No.068,0,0,0,0,0,0,0,0,0,0,0,0,0,0,0,0
No.069,0,0,3,0,0,0,0,0,0,0,0,0,0,0,0,0
No.070,0,0,0,0,0,0,0,0,0,0,0,0,0,0,0,0
No.071,0,0,0,0,0,0,0,0,0,0,0,0,0,0,0,0
No.072,4,0,8,5,3,0,0,4,0,0,0,0,0,0,0,0
No.073,4,3,8,6,0,0,0,4,0,0,0,0,0,0,0,0
No.074,0,0,0,0,0,0,0,0,0,0,0,0,0,0,0,0
No.075,0,0,0,0,0,0,0,0,0,0,0,0,0,0,0,0
No.076,0,0,0,0,0,0,0,0,0,0,0,0,0,0,0,0
No.077,8,0,4,3,4,0,0,4,0,0,0,0,0,0,0,0
No.078,0,0,0,0,0,0,0,0,0,0,0,0,0,0,0,0
No.079,0,0,0,0,0,0,0,0,0,0,0,0,0,0,0,0
No.080,0,0,0,0,0,0,0,0,0,0,0,0,0,0,0,0
No.081,0,0,0,0,0,0,0,0,0,0,0,0,0,0,0,0
No.082,0,0,0,0,0,0,0,0,0,0,0,0,0,0,0,0
No.083,0,0,0,0,0,0,0,0,0,0,0,0,0,0,0,0
No.084,0,7,3,3,4,0,0,3,0,0,0,0,0,0,0,0
No.085,0,8,3,4,4,0,0,4,0,0,0,0,0,0,0,0
No.086,0,3,8,3,5,0,0,4,0,0,0,0,0,0,0,0
No.087,8,0,4,3,3,0,0,3,0,0,0,0,0,0,0,0
No.088,8,4,0,3,3,0,0,3,0,0,0,0,0,0,0,0
No.089,0,0,0,0,0,0,0,0,0,0,0,0,0,0,0,0
No.090,0,0,0,0,0,0,0,0,0,0,0,0,0,0,0,0
No.091,0,0,0,0,0,0,0,0,0,0,0,0,0,0,0,0
No.092,0,0,0,0,0,0,0,0,0,0,0,0,0,0,0,0
No.093,0,0,0,0,0,0,0,0,0,0,0,0,0,0,0,0
No.094,0,0,0,0,0,0,0,0,0,0,0,0,0,0,0,0
No.095,0,0,0,0,0,0,0,0,0,0,0,0,0,0,0,0
No.096,0,0,0,0,0,0,0,0,0,0,0,0,0,0,0,0
No.097,0,0,0,0,0,0,0,0,0,0,0,0,0,0,0,0
No.098,0,0,0,0,0,0,0,0,0,0,0,0,0,0,0,0
No.099,0,0,0,0,0,0,0,0,0,0,0,0,0,0,0,0
No.100,0,0,0,0,0,0,0,0,0,0,0,0,0,0,0,0
No.101,0,0,0,0,0,0,0,0,0,0,0,0,0,0,0,0
No.102,0,0,0,0,0,0,0,0,0,0,0,0,0,0,0,0
No.103,0,0,0,0,0,0,0,0,0,0,0,0,0,0,0,0
No.104,0,0,0,0,0,0,0,0,0,0,0,0,0,0,0,0
No.105,0,0,0,0,0,0,0,0,0,0,0,0,0,0,0,0
No.106,6,3,6,2,0,0,0,3,0,0,0,0,0,0,0,0
No.107,0,7,4,3,3,0,0,3,0,0,0,0,0,0,0,0
No.108,4,7,0,3,3,0,0,3,0,0,0,0,0,0,0,0
No.109,0,0,0,0,0,0,0,0,0,0,0,0,0,0,0,0
No.110,0,0,0,0,0,0,0,0,0,0,0,0,0,0,0,0
No.111,0,0,0,0,0,0,0,0,0,0,0,0,0,0,0,0
No.112,0,0,0,0,0,0,0,0,0,0,0,0,0,0,0,0
No.113,0,0,0,0,0,0,0,0,0,0,0,0,0,0,0,0
No.114,0,0,0,0,0,0,0,0,0,0,0,0,0,0,0,0
No.115,0,0,0,0,0,0,0,0,0,0,0,0,0,0,0,0
No.116,0,0,0,0,0,0,0,0,0,0,0,0,0,0,0,0
No.117,0,0,0,0,0,0,0,0,0,0,0,0,0,0,0,0
No.118,0,0,0,0,0,0,0,0,0,0,0,0,0,0,0,0
No.119,0,0,0,0,0,0,0,0,0,0,0,0,0,0,0,0
No.120,0,0,0,0,0,0,0,0,0,0,0,0,0,0,0,0
No.121,0,0,0,0,0,0,0,0,0,0,0,0,0,0,0,0
No.122,0,0,0,0,0,0,0,0,0,0,0,0,0,0,0,0
No.123,0,0,0,0,0,0,0,0,0,0,0,0,0,0,0,0
No.124,0,0,0,0,0,0,0,0,0,0,0,0,0,0,0,0
No.125,6,0,6,3,3,0,0,3,0,0,0,0,0,0,0,0
No.126,3,3,6,6,0,0,0,3,0,0,0,0,0,0,0,0
No.127,0,0,0,0,0,0,0,0,0,0,0,0,0,0,0,0
No.128,0,0,0,0,0,0,0,0,0,0,0,0,0,0,0,0
No.129,0,0,0,0,0,0,0,0,0,0,0,0,0,0,0,0
No.130,0,0,0,0,0,0,1,0,0,0,0,0,0,0,0,0
No.131,0,0,0,0,0,1,0,0,0,5,5,5,5,0,0,0
No.132,0,0,0,0,0,0,0,0,0,0,0,0,0,0,0,0
No.133,0,0,0,0,0,0,0,0,0,0,0,0,0,0,0,0
No.134,0,0,0,0,0,0,0,0,0,0,0,0,0,0,0,0
No.135,2,0,7,3,7,0,0,4,0,0,0,0,0,0,0,0
No.136,0,0,0,0,30,0,0,10,0,0,0,0,0,0,0,0
No.137,7,2,0,3,7,0,0,4,0,0,0,0,0,0,0,0
No.138,3,2,7,0,7,0,0,4,0,0,0,0,0,0,0,0
No.139,0,0,0,0,0,0,0,0,0,0,0,0,0,0,0,0
No.141,0,0,0,0,0,0,0,0,0,0,0,0,0,0,0,0
No.142,0,0,0,0,0,0,0,0,0,0,0,0,0,0,0,0
No.143,0,0,0,0,0,0,0,0,0,0,0,0,0,0,0,0
No.144,3,6,6,3,0,0,0,3,0,0,0,0,0,0,0,0
No.145,0,0,0,0,0,0,0,5,0,0,1,0,0,0,0,0
No.146,0,0,2,0,0,0,0,0,2,1,0,3,2,0,0,0
No.147,0,0,0,0,2,0,0,0,2,3,1,2,0,0,0,0
No.148,0,0,2,0,0,0,0,0,2,3,0,2,1,0,0,0
No.149,0,0,0,0,2,0,0,0,2,3,2,1,0,0,0,0
No.150,0,2,0,0,0,0,0,0,3,0,2,1,2,0,0,0
No.151,2,0,1,1,4,0,0,1,0,0,0,0,0,0,0,0
No.152,1,1,1,2,0,0,0,1,0,0,0,0,0,0,0,0
No.153,2,0,2,2,2,1,0,0,0,0,0,0,0,0,0,0
No.154,1,2,0,1,4,0,0,1,0,0,0,0,0,0,0,0
No.155,0,0,0,0,0,0,0,0,0,0,0,0,0,0,0,0
No.157,0,0,0,0,0,0,0,0,0,0,0,0,0,0,0,0
No.158,0,0,0,0,0,0,0,0,0,0,0,0,0,0,0,0
No.159,0,0,0,0,0,0,0,0,0,0,0,0,0,0,0,0
No.160,4,4,3,0,7,0,0,3,0,0,0,0,0,0,0,0
No.161,0,0,0,0,3,0,0,0,0,0,0,0,0,0,0,0
No.162,0,0,0,0,0,0,0,3,0,0,0,0,0,0,0,0
No.163,0,0,0,0,0,0,0,0,0,0,0,0,0,0,0,0
No.164,0,0,0,0,0,0,0,0,0,0,0,0,0,0,0,0
No.165,0,0,0,0,0,0,0,0,0,0,0,0,0,0,0,0
No.166,0,0,0,0,0,0,0,0,0,0,0,0,0,0,0,0
No.167,0,0,0,0,0,0,0,0,0,0,0,0,0,0,0,0
No.168,0,0,0,0,0,0,0,0,0,0,0,0,0,0,0,0
No.169,0,5,6,5,5,0,0,2,0,0,0,0,0,0,0,0
No.170,5,6,5,5,0,0,0,2,0,0,0,0,0,0,0,0
No.171,5,6,0,5,5,0,0,3,0,0,0,0,0,0,0,0
No.172,5,5,5,0,6,0,0,2,0,0,0,0,0,0,0,0
No.173,0,5,5,5,5,1,0,0,0,0,0,0,0,0,0,0
No.174,0,0,0,0,0,0,0,3,0,0,0,0,0,0,0,0
No.175,0,0,0,0,0,0,0,5,0,0,0,0,0,0,0,0
No.176,0,0,0,0,0,0,0,0,0,0,0,0,0,0,0,0
No.177,0,0,0,0,0,0,0,0,0,0,0,0,0,0,0,0
No.178,0,0,0,0,0,0,0,0,0,0,0,0,0,0,0,0
No.179,0,0,0,0,0,0,0,0,0,0,0,0,0,0,0,0
No.180,0,0,0,0,0,0,0,0,0,0,0,0,0,0,0,0
No.181,0,3,0,0,3,0,0,1,0,0,0,0,0,0,0,0
No.182,0,0,0,0,0,0,0,0,0,0,0,0,0,0,0,0
No.184,0,0,0,0,0,0,0,0,0,0,0,0,0,0,0,0
No.185,0,0,0,0,0,0,0,0,0,0,0,0,0,0,0,0
No.186,0,0,3,3,0,0,0,1,0,0,0,0,0,0,0,0
No.187,0,0,0,0,0,0,0,0,0,0,0,0,0,0,0,0
No.188,3,0,0,0,3,0,0,1,0,0,0,0,0,0,0,0
No.189,0,0,6,0,0,0,0,3,0,0,0,0,0,0,0,0
No.190,0,0,0,0,0,0,0,0,0,0,0,0,0,0,0,0
No.191,0,0,0,0,0,0,0,0,0,0,0,0,0,0,0,0
No.192,0,0,0,0,0,0,0,0,0,0,0,0,0,0,0,0
No.193,0,0,0,0,0,0,0,0,0,0,0,0,0,0,0,0
No.194,0,0,0,0,0,0,0,0,0,0,0,0,0,0,0,0
No.195,0,2,3,8,7,0,0,4,0,0,0,0,0,0,0,0
No.196,0,4,7,7,3,0,0,3,0,0,0,0,0,0,0,0
No.197,3,3,4,8,0,2,0,0,0,0,0,0,0,0,0,0
No.198,0,0,0,2,0,0,0,0,2,3,2,0,1,0,0,0
No.199,0,2,0,0,0,0,0,0,1,0,2,2,3,0,0,0
No.200,0,1,2,4,1,0,0,1,0,0,0,0,0,0,0,0
No.201,0,0,0,0,0,0,0,0,0,0,0,0,0,0,0,0
No.202,0,0,0,0,0,0,0,0,0,0,0,0,0,0,0,0
No.203,0,0,0,0,0,0,0,0,0,0,0,0,0,0,0,0
No.204,0,3,3,6,6,0,0,3,0,0,0,0,0,0,0,0
No.205,0,0,0,0,0,0,0,0,0,0,0,0,0,0,0,0
No.206,0,0,0,0,0,0,0,0,0,0,0,0,0,0,0,0
No.207,0,0,0,0,0,0,0,0,0,0,0,0,0,0,0,0
No.208,0,0,0,0,0,0,0,0,0,0,0,0,0,0,0,0
No.209,0,0,0,0,0,0,0,0,0,0,0,0,0,0,0,0
No.210,0,0,0,0,0,0,0,0,0,0,0,0,0,0,0,0
No.211,0,0,0,0,0,0,0,0,0,0,0,0,0,0,0,0
No.212,0,0,0,0,0,0,0,0,0,0,0,0,0,0,0,0
No.213,0,0,0,0,0,0,0,0,0,0,0,0,0,0,0,0
No.214,0,0,0,0,0,0,0,0,1,0,0,0,0,0,0,0
No.215,0,0,0,0,0,0,0,0,0,0,0,0,0,0,0,0
No.216,0,0,0,0,0,0,0,0,0,0,0,0,0,0,0,0
No.217,0,0,0,0,0,0,0,0,0,0,0,0,0,0,0,0
No.218,0,0,0,0,0,0,0,0,0,0,0,0,0,0,0,0
No.219,0,0,0,0,0,0,0,0,0,0,0,0,0,0,0,0
No.220,0,0,0,0,0,0,0,0,0,0,0,0,0,0,0,0
No.221,0,0,0,0,0,0,0,0,0,0,0,0,0,0,0,0
No.222,0,0,0,0,0,0,0,0,0,0,0,0,0,0,0,0
No.223,0,0,0,0,0,0,0,0,0,0,0,0,0,0,0,0
No.224,0,0,0,0,0,0,0,0,0,0,0,0,0,0,0,0
No.225,0,0,0,0,0,0,0,0,0,0,0,0,0,0,0,0
No.226,0,0,0,0,0,0,0,0,0,0,0,0,0,0,0,0
No.227,2,3,0,8,4,0,0,3,0,0,0,0,0,0,0,0
No.228,0,0,0,0,0,0,0,0,0,0,0,0,0,0,0,0
No.229,0,0,0,0,0,0,0,0,0,0,0,0,0,0,0,0
No.230,0,0,0,0,0,0,0,0,0,0,0,0,0,0,0,0
No.231,0,0,0,0,0,0,0,0,0,0,0,0,0,0,0,0
No.232,0,0,0,0,0,0,0,0,0,0,0,0,0,0,0,0
No.233,0,0,0,0,0,0,0,0,0,0,0,0,0,0,0,0
No.234,0,0,0,0,0,0,0,0,0,0,0,0,0,0,0,0
No.235,0,0,0,0,0,0,0,0,0,0,0,0,0,0,0,0
No.236,0,0,0,0,0,0,0,0,0,0,0,0,0,0,0,0
No.237,0,0,0,0,0,0,0,0,0,0,0,0,0,0,0,0
No.238,0,0,0,0,0,0,0,5,1,0,0,0,0,0,0,0
No.239,0,0,0,0,0,0,0,5,0,0,0,0,1,0,0,0
No.240,0,0,0,0,0,0,0,5,0,0,0,1,0,0,0,0
No.241,5,0,5,6,5,0,0,2,0,0,0,0,0,0,0,0
No.242,0,0,0,0,0,0,0,0,0,0,0,0,0,0,0,0
No.243,0,0,0,0,0,0,0,0,0,0,0,0,0,0,0,0
No.244,0,0,0,0,0,0,0,0,0,0,0,0,0,0,0,0
No.245,0,0,0,0,0,0,0,0,0,0,0,0,0,0,0,0
No.246,0,0,0,0,0,0,0,0,0,0,0,0,0,0,0,0
No.247,0,0,0,0,0,0,0,0,0,0,0,0,0,0,0,0
No.248,0,0,0,0,0,0,0,0,0,0,0,0,0,0,0,0
No.249,0,0,0,0,0,0,0,0,5,5,5,0,0,0,0,0
No.250,0,0,0,0,0,0,0,0,0,0,0,0,0,0,0,0
No.251,0,0,0,0,0,0,0,0,0,0,0,0,0,0,0,0
No.252,0,0,0,0,0,0,0,0,0,0,0,0,0,0,0,0
No.253,0,0,0,0,0,0,0,0,0,0,0,0,0,0,0,0
No.254,0,0,0,0,0,0,0,0,0,0,0,0,0,0,0,0
No.255,0,0,0,0,0,0,0,0,0,0,0,0,0,0,0,0
No.256,0,0,0,0,0,0,0,0,0,0,0,0,0,0,0,0
No.257,0,0,0,0,0,0,0,0,0,0,0,0,0,0,0,0
No.258,0,0,0,0,5,0,0,0,0,0,0,0,0,0,0,1
No.259,5,0,0,0,0,0,0,0,0,0,0,0,0,0,0,1
No.260,0,0,0,5,0,0,0,0,0,0,0,0,0,0,0,1
No.261,0,0,0,0,0,0,0,0,0,0,0,0,0,0,0,0
No.262,4,2,3,8,0,0,0,3,0,0,0,0,0,0,0,0
No.263,0,0,0,0,0,0,0,0,0,0,0,0,0,0,0,0
No.264,0,0,0,0,0,0,0,0,0,0,0,0,0,0,0,0
No.265,0,0,0,0,0,0,0,0,0,0,0,0,0,0,0,0
No.266,0,0,0,0,0,0,0,0,0,0,0,0,0,0,0,0
No.267,0,0,0,0,0,0,0,0,0,0,0,0,0,0,0,0
No.268,0,0,0,0,0,0,0,0,0,0,0,0,0,0,0,0
No.269,10,0,0,0,0,1,0,5,10,0,0,0,0,0,0,0
No.270,0,0,0,0,0,0,0,0,0,0,0,0,0,0,0,0
No.271,3,0,3,0,0,0,0,1,0,0,0,0,0,0,0,0
No.272,5,0,0,0,0,0,0,0,0,0,0,0,0,0,0,1
No.273,0,5,0,0,0,0,0,0,0,0,0,0,0,0,0,1
No.274,0,0,0,0,0,0,0,0,0,0,0,0,0,0,0,0
No.275,0,0,0,0,0,0,0,0,0,0,0,0,0,0,0,0
No.276,0,0,0,0,0,0,0,0,0,0,0,0,0,0,0,0
No.277,3,0,0,3,3,0,0,3,0,0,0,0,0,0,1,0
No.278,0,0,0,0,0,0,0,0,0,0,0,0,0,0,0,0
No.279,0,0,0,0,0,0,0,0,0,0,0,0,0,0,0,0
No.280,0,0,0,0,0,0,0,0,0,0,0,0,0,0,0,0
No.281,0,0,0,0,0,0,0,0,0,0,0,0,0,0,0,0
No.282,0,0,0,0,0,0,0,0,0,0,0,0,0,0,0,0
No.283,0,0,0,0,0,0,0,0,0,0,0,0,0,0,0,0
No.284,15,0,0,0,0,0,0,1,0,0,0,0,0,0,0,0
No.285,0,0,0,0,0,0,0,0,0,0,0,0,0,0,0,0
No.287,0,15,0,0,0,0,0,1,0,0,0,0,0,0,0,0
No.288,0,0,0,0,0,0,0,0,0,0,0,0,0,0,0,0
No.289,0,0,0,0,0,0,0,0,0,0,0,0,0,0,0,0
No.290,0,0,0,0,0,0,0,0,0,0,0,0,0,0,0,0
No.291,0,0,0,0,0,0,0,0,0,0,0,0,0,0,0,0
No.292,0,0,0,0,0,0,0,0,0,0,0,0,0,0,0,0
No.293,0,0,0,0,0,0,0,0,0,0,0,0,0,0,0,0
No.294,0,0,0,0,0,0,0,0,0,0,0,0,0,0,0,0
No.295,0,0,0,0,0,0,0,0,0,0,0,0,0,0,0,0
No.296,0,0,0,0,0,0,0,0,0,0,0,0,0,0,0,0
No.297,0,0,0,0,0,0,0,0,0,0,0,0,0,0,0,0
No.298,0,0,0,0,0,0,0,0,0,0,0,0,0,0,0,0
No.299,0,0,0,0,0,0,0,0,0,0,0,0,0,0,0,0
No.300,0,0,0,0,0,0,0,0,0,0,0,0,0,0,0,0
No.301,0,0,0,0,0,0,0,0,0,0,0,0,0,0,0,0
No.302,0,0,0,0,0,0,0,0,0,0,0,0,0,0,0,0
No.303,1,0,0,0,5,0,0,0,0,0,0,0,0,0,0,0
No.304,0,0,0,0,0,0,0,0,0,0,0,0,0,0,0,0
No.305,0,0,0,0,0,0,0,0,0,0,0,0,0,0,0,0
No.306,0,0,0,0,0,0,0,0,0,0,0,0,0,0,0,0
No.307,4,7,0,4,3,0,0,3,0,0,0,0,0,0,0,0
No.308,2,1,4,1,0,0,0,1,0,0,0,0,0,0,0,0
No.309,0,0,2,0,0,0,0,0,2,1,0,3,2,0,0,0
No.310,0,0,0,0,0,0,0,0,0,0,0,0,0,0,0,0
No.311,0,1,0,5,0,0,0,0,0,0,0,0,0,0,0,0
No.312,0,0,0,0,0,0,0,0,0,0,0,0,0,0,0,0
No.313,0,0,0,0,0,0,0,0,0,0,0,0,0,0,0,0
No.314,0,0,0,0,0,0,0,0,0,0,0,0,0,0,0,0
No.315,0,0,0,0,0,0,0,0,0,3,3,0,3,0,0,1
No.316,0,0,0,0,0,0,0,0,0,0,0,0,0,0,0,0
No.317,0,0,0,5,0,0,0,0,0,0,0,0,0,0,0,1
No.318,0,0,0,0,0,0,0,0,0,0,0,0,0,0,0,0
No.319,0,0,0,0,0,0,0,0,0,0,0,0,0,0,0,0
No.320,0,0,0,0,0,0,0,0,0,0,0,0,0,0,0,0
No.322,0,0,0,0,0,0,0,0,0,0,0,0,0,0,0,0
No.323,0,3,7,2,7,0,0,4,0,0,0,0,0,0,0,0
No.324,0,10,10,10,10,1,0,0,0,0,0,0,0,0,0,0
No.325,0,0,0,0,0,0,0,0,0,0,0,0,0,0,0,0
No.326,2,2,0,1,3,0,0,0,0,0,2,0,0,0,0,0
No.327,0,0,0,0,0,0,0,0,0,0,0,0,0,0,0,0
No.328,0,0,0,0,0,0,0,0,0,0,0,0,0,0,0,0
No.329,0,0,0,0,0,0,0,0,0,0,0,0,0,0,0,0
No.330,0,0,0,0,0,0,0,0,0,0,0,0,0,0,0,0
No.331,0,0,0,0,5,0,0,0,0,0,0,0,0,0,1,0
No.332,5,0,1,0,0,0,0,0,0,0,0,0,0,0,0,0
No.333,0,0,0,3,0,0,0,3,3,0,0,0,3,0,1,0
No.334,0,0,0,0,0,0,0,0,0,0,0,0,0,0,0,0
No.335,4,6,2,0,6,0,0,3,0,0,0,0,0,0,0,0
No.336,8,4,4,2,0,0,0,3,0,0,0,0,0,0,0,0
No.337,4,0,6,6,2,0,0,3,0,0,0,0,0,0,0,0
No.338,0,0,0,0,0,0,0,3,0,0,0,0,0,0,0,0
No.339,3,4,7,0,4,0,0,3,0,0,0,0,0,0,0,0
No.341,0,0,0,0,0,0,0,0,0,0,0,0,0,0,0,0
No.342,0,0,0,3,3,0,0,1,0,0,0,0,0,0,0,0
No.343,0,0,0,0,0,0,0,0,0,0,0,0,0,0,0,0
No.344,0,0,0,0,0,0,0,0,0,0,0,0,0,0,0,0
No.345,0,3,0,0,0,0,0,0,0,0,0,0,0,0,0,0
No.346,0,3,0,0,3,0,0,1,0,0,0,0,0,0,0,0
No.347,0,0,0,0,0,0,0,0,0,0,0,0,0,0,0,0
No.348,0,0,0,0,0,0,0,0,0,0,0,0,0,0,0,0
No.349,0,0,0,0,0,0,0,0,0,0,0,0,0,0,0,0
No.350,0,0,0,0,0,0,0,0,0,0,0,0,0,0,0,0
No.351,0,0,0,0,0,0,0,0,0,0,0,0,0,0,0,0
No.352,3,0,6,2,3,0,0,3,0,0,0,0,0,0,0,0
No.353,0,0,0,0,0,0,0,0,0,0,0,0,0,0,0,0
No.355,0,0,0,0,0,0,0,0,0,0,0,0,0,0,0,0
No.356,0,4,3,7,4,0,0,3,0,0,0,0,0,0,0,0
No.357,0,0,0,0,0,0,0,0,0,0,0,0,0,0,0,0
No.358,1,1,0,2,2,0,0,5,0,0,0,0,0,0,0,0
No.359,1,2,0,1,2,0,0,5,0,0,0,0,0,0,0,0
No.360,4,3,0,7,3,0,0,3,0,0,0,0,0,0,0,0
No.361,4,3,4,7,0,0,0,3,0,0,0,0,0,0,0,0
No.362,0,0,0,0,0,0,0,0,0,0,0,0,0,0,0,0
No.363,0,0,0,0,0,0,0,3,0,0,0,0,0,0,0,0
No.364,0,0,0,0,0,0,0,0,0,0,0,0,0,0,0,0
No.365,0,0,0,0,0,0,0,0,0,0,0,0,0,0,0,0
No.366,0,0,0,0,0,0,0,0,0,0,0,0,0,0,0,0
No.367,0,0,0,0,0,0,0,0,0,0,0,0,0,0,0,0
No.368,0,0,0,0,0,0,0,0,0,0,0,0,0,0,0,0
No.369,0,0,0,0,0,0,0,0,0,0,0,0,0,0,0,0
No.370,0,0,0,0,0,0,0,0,0,0,0,0,0,0,0,0
No.371,0,0,0,0,0,0,0,0,1,0,2,1,0,0,0,0
No.372,0,0,0,0,0,0,0,0,0,0,0,0,0,0,0,0
No.373,0,0,0,0,0,0,0,0,0,0,0,0,0,0,0,0
No.374,0,0,0,0,0,0,0,0,0,0,0,0,0,0,0,0
No.375,0,0,0,0,0,0,0,0,0,0,0,0,0,0,0,0
No.376,0,0,0,0,0,0,0,0,0,0,0,0,0,0,0,0
No.377,0,0,0,2,0,0,0,0,1,2,3,0,2,0,0,0
No.378,1,0,1,4,2,0,0,1,0,0,0,0,0,0,0,0
No.379,0,0,0,0,0,0,0,0,0,0,0,0,0,0,0,0
No.380,0,0,0,0,0,0,0,0,0,0,0,0,0,0,0,0
No.381,0,0,0,0,0,0,0,0,0,0,0,0,0,0,0,0
No.382,0,0,0,0,0,0,0,0,0,0,0,0,0,0,0,0
No.383,0,0,0,0,0,0,0,0,0,0,0,0,0,0,0,0
No.384,0,0,0,0,0,0,0,0,0,0,0,0,0,0,0,0
No.385,0,0,0,0,0,0,0,0,0,0,0,0,0,0,0,0
No.386,0,0,0,0,0,0,0,0,0,0,0,0,0,0,0,0
No.387,0,0,0,0,0,0,0,0,0,0,0,0,0,0,0,0
No.388,0,0,0,0,0,0,0,0,0,0,0,0,0,0,0,0
No.389,0,0,0,0,0,0,0,0,0,0,0,0,0,0,0,0
No.390,0,0,0,0,0,0,0,0,0,0,0,0,0,0,0,0
No.391,0,0,0,3,0,0,0,0,0,0,0,0,0,0,0,0
No.392,0,0,0,0,3,0,0,0,0,0,0,0,0,0,0,0
No.393,0,0,3,0,0,0,0,0,0,0,0,0,0,0,0,0
No.394,0,3,3,0,0,0,0,1,0,0,0,0,0,0,0,0
No.395,3,0,0,0,3,0,0,1,0,0,0,0,0,0,0,0
No.396,0,3,0,3,0,0,0,1,0,0,0,0,0,0,0,0
No.397,6,3,0,6,3,0,0,3,0,0,0,0,0,0,0,0
No.398,0,0,0,0,0,0,0,0,0,0,0,0,0,0,0,0
No.399,0,0,0,0,0,0,0,0,0,0,0,0,0,0,0,0
No.400,0,0,0,0,0,0,0,0,0,0,0,0,0,0,0,0
No.401,0,0,0,0,0,0,0,0,0,0,0,0,0,0,0,0
No.402,0,4,4,7,3,0,0,3,0,0,0,0,0,0,0,0
No.403,0,0,0,0,0,0,0,0,0,0,0,0,0,0,0,0
No.404,0,0,0,0,0,0,0,0,0,0,0,0,0,0,0,0
No.405,0,0,0,0,0,0,0,0,0,0,0,0,0,0,0,0
No.406,0,0,0,0,0,0,0,0,0,0,0,0,0,0,0,0
No.407,0,0,0,0,0,0,0,0,0,0,0,0,0,0,0,0
No.408,0,0,0,0,0,0,0,0,0,0,0,0,0,0,0,0
No.409,0,0,0,0,0,0,0,0,0,0,0,0,0,0,0,0
No.410,0,0,0,0,0,0,0,0,0,0,0,0,0,0,0,0
No.411,3,0,0,0,0,0,0,0,0,0,0,0,0,0,0,0
No.412,0,0,0,0,0,0,0,0,0,0,0,0,0,0,0,0
No.413,0,0,0,0,0,0,0,0,0,0,0,0,0,0,0,0
No.414,0,0,0,0,0,0,0,0,0,0,0,0,0,0,0,0
No.415,3,3,0,0,0,0,0,1,0,0,0,0,0,0,0,0
No.416,0,0,0,0,0,0,0,0,0,0,0,0,0,0,0,0
No.417,0,0,0,0,0,0,0,0,0,0,0,0,0,0,0,0
No.418,4,7,3,0,4,0,0,3,0,0,0,0,0,0,0,0
No.419,0,0,0,0,0,0,0,0,0,0,0,0,0,0,0,0
No.420,0,0,0,0,0,0,0,0,0,0,0,0,0,0,0,0
No.421,0,0,0,0,0,0,0,0,0,0,0,0,0,0,0,0
No.422,0,0,0,0,0,0,0,0,0,0,0,0,0,0,0,0
No.423,0,0,0,0,0,0,0,0,0,0,0,0,0,0,0,0
No.424,0,0,0,0,0,0,0,0,0,0,0,0,0,0,0,0
No.425,0,0,0,0,0,0,0,0,0,0,0,0,0,0,0,0
No.426,0,0,0,0,0,0,0,0,0,0,0,0,0,0,0,0
No.427,0,0,0,0,0,1,0,10,0,5,0,5,5,0,0,0
No.428,0,0,0,0,0,0,0,0,3,3,3,0,0,1,0,1
No.429,0,0,0,0,0,0,0,0,0,0,0,0,0,0,0,0
No.430,0,0,0,0,0,0,0,0,0,0,0,0,0,0,0,0
No.431,0,0,0,0,0,0,0,0,0,0,0,0,0,0,0,0
No.432,3,6,3,6,0,0,0,3,0,0,0,0,0,0,0,0
No.435,0,0,0,0,0,0,0,0,0,0,0,0,0,0,0,0
No.436,0,0,0,0,0,0,0,0,0,0,0,0,0,0,0,0
No.437,5,6,5,0,5,0,0,2,0,0,0,0,0,0,0,0
No.438,0,0,0,0,0,0,1,0,0,0,0,0,0,0,0,0
No.439,0,0,0,0,0,0,0,0,0,0,0,0,0,0,0,0
No.440,0,5,0,0,0,0,0,0,0,0,0,0,0,0,0,1
No.441,0,0,0,0,0,0,0,0,0,0,0,0,0,0,0,0
No.442,0,0,0,0,0,0,0,0,0,0,0,0,0,0,0,0
No.443,0,0,0,0,0,0,0,0,0,0,0,0,0,0,0,0
No.444,0,0,0,0,0,0,0,0,0,0,10,0,0,0,0,1
No.445,0,0,0,0,0,0,0,0,0,10,0,0,0,0,0,1
No.446,0,0,0,0,0,0,0,0,10,0,0,0,0,0,0,1
No.447,0,0,0,0,0,0,0,0,0,0,0,0,10,0,0,1
No.448,0,0,0,0,0,0,0,0,0,0,0,10,0,0,0,1
No.449,0,0,0,0,0,0,0,0,0,0,0,0,0,0,0,0
No.450,0,0,0,0,0,0,0,0,0,0,0,0,0,0,0,0
No.451,0,0,0,0,0,0,0,0,0,0,0,0,0,0,0,0
No.452,0,0,0,0,0,0,0,0,0,0,0,0,0,0,0,0
No.453,0,0,0,0,0,0,0,0,0,0,0,0,0,0,0,0
No.454,0,0,0,0,0,0,0,0,0,0,0,0,0,0,0,0
No.455,0,0,0,0,0,0,0,0,0,0,0,0,0,0,0,0
No.456,0,0,0,0,0,0,0,0,0,0,0,0,0,0,0,0
No.457,0,0,0,0,0,0,0,0,0,0,0,0,0,0,0,0
No.458,0,0,0,0,0,0,0,0,0,0,0,0,0,0,0,0
No.459,0,0,0,0,0,0,0,0,0,0,0,0,0,0,0,0
No.460,0,0,0,0,0,0,0,0,0,0,0,0,0,0,0,0
No.461,0,0,0,0,0,0,0,0,0,0,0,0,0,0,0,0
No.462,0,0,0,0,0,0,0,0,0,0,0,0,0,0,0,0
No.463,0,0,0,0,0,0,0,0,0,0,0,0,0,0,0,0
No.464,0,0,0,0,0,0,0,0,0,0,0,0,0,0,0,0
No.465,0,0,0,0,0,0,0,0,0,0,0,0,0,0,0,0
No.467,0,0,0,0,0,0,0,0,0,0,0,0,0,0,0,0
No.468,2,2,1,0,1,0,0,1,0,0,0,0,0,0,0,0
No.469,0,3,0,3,0,0,0,1,0,0,0,0,0,0,0,0
No.470,2,0,0,0,4,0,0,1,0,0,0,0,0,0,0,0
No.471,0,0,0,0,0,0,0,0,0,0,0,0,0,0,0,0
No.472,0,0,0,0,0,0,0,0,0,0,0,0,0,0,0,0
No.473,0,0,0,0,0,0,0,0,0,0,0,0,0,0,0,0
No.474,0,0,0,0,0,0,0,0,0,0,0,0,0,0,0,0
No.475,0,0,0,0,0,0,0,0,0,0,0,0,0,0,0,0
No.476,0,0,0,0,0,0,0,0,0,0,0,0,0,0,0,0
No.477,0,0,0,0,0,0,0,0,0,0,0,0,0,0,0,0
No.478,0,0,0,0,0,0,0,0,0,0,0,0,0,0,0,0
No.479,0,0,0,0,0,0,0,0,0,0,0,0,0,0,0,0
No.480,0,0,0,0,0,0,0,0,0,0,0,0,0,0,0,0
No.481,0,0,0,0,0,0,0,0,0,0,0,0,0,0,0,0
No.482,0,0,0,0,0,0,0,0,0,0,0,0,0,0,0,0
No.483,0,0,0,0,0,0,0,0,0,0,0,0,0,0,0,0
No.484,0,0,0,0,0,0,0,0,0,0,0,0,0,0,0,0
No.485,0,0,0,0,0,0,0,0,0,0,0,0,0,0,0,0
No.486,0,0,0,0,0,0,0,0,0,0,0,0,0,0,0,0
No.487,0,0,0,0,0,0,0,0,0,0,0,0,0,0,0,0
No.488,0,0,0,0,0,0,0,0,0,0,0,0,0,0,0,0
No.489,0,0,0,0,0,0,0,0,0,0,0,0,0,0,0,0
No.490,0,0,0,0,0,0,0,0,0,0,0,0,0,0,0,0
No.491,0,0,0,0,0,0,0,0,0,0,0,0,0,0,0,0
No.492,0,0,0,0,0,0,0,0,0,0,0,0,0,0,0,0
No.494,0,0,0,0,0,0,0,0,0,0,0,0,0,0,0,0
No.495,0,0,0,0,0,0,0,0,0,0,0,0,0,0,0,0
No.496,2,0,0,0,0,0,0,0,1,1,0,1,0,0,0,1
No.497,1,1,3,0,1,0,0,5,0,0,0,0,0,0,0,0
No.502,0,0,0,0,0,0,0,0,0,0,0,0,0,0,0,0
No.503,2,2,1,1,0,0,0,5,0,0,0,0,0,0,0,0
No.504,0,0,0,0,0,0,0,0,0,0,0,0,0,0,0,0
No.505,0,0,0,0,0,0,0,0,0,0,0,0,0,0,0,0
No.506,2,2,0,1,1,0,0,5,0,0,0,0,0,0,0,0
No.507,3,3,0,0,0,0,0,6,0,0,0,0,0,0,0,0
No.508,0,0,0,0,0,0,0,0,0,0,0,0,0,0,0,0
No.509,0,0,0,0,0,0,0,0,0,0,0,0,0,0,0,0
No.510,0,0,0,0,0,0,0,0,0,0,0,0,0,0,0,0
No.511,0,0,0,0,0,0,0,0,0,0,0,0,0,0,0,0
No.512,0,0,0,0,0,0,0,3,0,0,0,0,0,0,0,0
No.513,0,0,0,0,0,0,0,0,0,0,0,0,0,0,0,0
No.514,0,0,0,0,0,0,0,0,0,0,0,0,0,0,0,0
No.515,0,0,0,0,0,0,0,0,0,0,0,0,0,0,0,0
No.516,0,0,0,0,0,0,0,0,0,0,0,0,0,0,0,0
No.517,0,0,0,0,0,0,0,0,0,0,0,0,0,0,0,0
No.518,0,0,0,0,0,0,0,0,0,0,0,0,0,0,0,0
No.519,0,0,0,0,0,0,0,0,0,0,0,0,0,0,0,0
No.520,0,0,0,0,0,1,1,0,0,0,0,0,0,0,0,10
No.521,0,0,0,0,0,0,0,0,0,0,0,0,0,0,0,0
No.522,0,0,0,0,0,0,0,0,0,0,0,0,0,0,0,0
No.523,0,0,0,0,0,0,0,3,0,0,0,0,0,0,0,0
No.524,0,2,0,0,0,0,0,0,2,0,3,2,1,0,0,0
No.525,0,0,0,0,0,0,0,0,0,0,0,0,0,0,0,0
No.526,4,3,0,3,8,2,0,0,0,0,0,0,0,0,0,0
No.527,0,0,0,0,0,0,0,0,0,0,0,0,0,0,0,0
No.528,0,0,0,0,0,0,0,0,0,0,0,0,0,0,0,0
No.529,0,0,0,0,0,0,0,0,0,0,0,0,0,0,0,0
No.530,0,0,0,0,0,0,0,0,0,0,0,0,0,0,0,0
No.531,0,0,0,0,0,0,0,0,0,0,0,0,0,0,0,0
No.532,0,0,0,0,0,0,0,0,0,0,0,0,0,0,0,0
No.533,0,0,0,0,0,0,0,0,0,0,0,0,0,0,0,0
No.534,0,0,0,0,0,2,0,0,0,0,0,0,0,0,0,1
No.535,0,0,5,0,0,0,0,0,0,0,0,0,0,0,0,1
No.536,0,0,0,0,0,0,0,0,0,0,0,0,0,0,0,0
No.537,0,0,0,0,0,0,0,0,0,0,0,0,0,0,0,0
No.538,0,0,0,0,0,0,0,0,0,0,0,0,0,0,0,0
No.539,0,0,0,0,0,0,0,0,0,0,0,0,0,0,0,0
No.540,0,0,0,0,0,0,0,0,0,0,0,0,0,0,0,0
No.541,0,0,0,0,0,0,0,0,0,0,0,0,0,0,0,0
No.542,0,0,0,0,0,0,0,0,0,0,0,0,0,0,0,0
No.543,0,0,0,0,0,0,0,0,0,0,0,0,0,0,0,0
No.544,0,0,0,0,0,0,0,0,0,0,0,0,0,0,0,0
No.545,0,0,0,0,0,0,0,0,0,0,0,0,0,0,0,0
No.546,0,0,0,0,0,0,0,0,0,0,0,0,0,0,0,0
No.547,0,5,0,0,5,1,0,0,0,0,0,0,0,0,1,0
No.548,0,0,0,0,0,0,0,0,0,0,0,0,0,0,0,0
No.549,0,0,0,0,0,0,0,0,0,0,0,0,0,0,0,0
No.550,0,0,0,0,0,0,0,0,0,0,0,0,0,0,0,0
No.551,0,0,0,0,0,0,0,0,0,0,0,0,0,0,0,0
No.552,0,0,0,0,0,0,0,0,0,0,0,0,0,0,0,0
No.553,0,0,0,0,0,0,0,0,0,0,0,0,0,0,0,0
No.554,0,0,0,0,0,0,0,0,0,0,0,0,0,0,0,0
No.555,0,0,0,0,0,0,0,0,0,0,0,0,0,0,0,0
No.556,0,0,0,0,0,0,0,0,0,0,0,0,0,0,0,0
No.557,0,0,0,0,3,0,0,0,0,0,0,0,0,0,0,0
No.558,0,0,0,0,0,0,0,0,0,0,0,0,0,0,0,0
No.559,0,0,0,0,0,0,0,0,0,0,0,0,0,0,0,0
No.560,0,0,0,0,0,0,0,0,0,0,0,0,0,0,0,0
No.561,0,0,0,0,0,0,0,0,0,0,0,0,0,0,0,0
No.562,0,0,0,0,0,0,0,0,0,0,0,0,0,0,0,0
No.563,0,0,0,0,0,0,0,0,0,0,0,0,0,0,0,0
No.564,3,3,3,0,0,0,0,0,0,0,0,0,0,0,0,1
No.565,0,0,0,0,0,0,0,0,0,0,0,0,0,0,0,0
No.566,0,0,3,3,3,0,0,5,0,0,0,0,0,0,0,0
No.567,0,0,0,0,0,0,0,0,0,0,0,0,0,0,0,0
No.568,3,3,3,3,3,0,0,0,0,0,0,0,0,0,0,0
No.569,0,0,0,0,0,0,0,0,0,0,0,0,0,0,0,0
No.570,4,3,0,7,4,0,0,3,0,0,0,0,0,0,0,0
No.571,0,0,0,0,0,0,0,0,0,0,0,0,0,0,0,0
No.572,0,0,0,0,0,0,0,0,0,0,0,0,0,0,0,0
No.573,0,0,0,0,0,0,0,0,0,0,0,0,0,0,0,0
No.574,0,0,0,0,0,0,0,0,0,0,0,0,0,0,0,0
No.575,0,0,0,0,0,0,0,0,0,0,0,0,0,0,0,0
No.576,0,0,0,0,0,0,0,0,0,0,0,0,0,0,0,0
No.577,0,0,0,0,0,0,0,0,0,0,0,0,0,0,0,0
No.578,0,0,0,0,0,0,0,0,0,0,0,0,0,0,0,0
No.579,0,0,0,0,0,0,0,0,0,0,0,0,0,0,0,0
No.580,0,0,0,0,0,0,0,0,0,0,0,0,0,0,0,0
No.581,0,0,0,0,0,0,0,0,0,0,0,0,0,0,0,0
No.582,0,0,0,0,0,0,0,0,0,0,0,0,0,0,0,0
No.583,0,0,0,0,0,0,0,0,0,0,0,0,0,0,0,0
No.584,0,0,0,0,0,0,0,0,0,0,0,0,0,0,0,0
No.585,5,0,1,0,0,0,0,0,0,0,0,0,0,0,0,0
No.586,0,0,0,0,0,0,0,0,0,0,0,0,0,0,0,0
No.587,0,0,0,0,0,0,0,0,0,0,0,0,0,0,0,0
No.588,0,0,0,0,0,0,0,0,0,0,0,0,0,0,0,0
No.589,0,0,0,0,0,0,0,0,0,0,0,0,0,0,0,0
No.590,0,0,0,0,0,0,1,0,0,0,0,0,0,0,1,0
No.591,0,0,0,0,0,0,0,0,0,0,0,0,0,0,0,0
No.592,0,0,0,0,0,0,0,0,0,0,0,0,0,0,0,0
No.593,0,0,0,0,0,0,0,0,0,0,0,0,0,0,0,0
No.594,0,0,0,0,0,0,0,0,0,0,0,0,0,0,0,0
No.595,6,3,6,3,0,0,0,3,0,0,0,0,0,0,0,0
No.596,8,0,4,3,3,0,0,3,0,0,0,0,0,0,0,0
No.597,0,0,0,0,0,0,0,0,0,0,0,0,0,0,0,0
No.598,0,0,0,0,0,0,0,0,0,0,0,0,0,0,0,0
No.599,0,0,0,0,0,0,0,0,0,0,0,0,0,0,0,0
No.600,0,0,0,0,0,0,0,0,0,0,0,0,0,0,0,0
No.601,0,0,0,0,0,0,0,0,0,0,0,0,0,0,0,0
No.602,0,0,0,0,0,0,0,0,0,0,0,0,0,0,0,0
No.603,0,0,0,0,0,0,0,0,0,0,0,0,0,0,0,0
No.604,0,0,0,0,0,0,0,0,0,0,0,0,0,0,0,0
No.605,0,0,0,0,0,0,0,0,0,0,0,0,0,0,0,0
No.606,0,0,0,0,0,0,0,0,0,0,0,0,0,0,0,0
No.607,0,0,0,0,0,0,0,0,0,0,0,0,0,0,0,0
No.608,0,0,0,0,0,0,0,0,0,0,0,0,0,0,0,0
No.609,0,0,0,0,0,0,0,0,0,0,0,0,0,0,0,0
No.610,0,0,0,0,0,0,0,0,0,0,0,0,0,0,0,0
No.611,0,0,0,0,0,0,1,0,0,0,0,0,0,0,0,0
No.612,0,0,0,0,0,0,0,0,0,0,0,0,0,0,0,0
No.613,0,0,0,0,0,0,0,0,0,0,0,0,0,0,0,0
No.614,0,0,0,0,0,0,0,0,0,0,0,0,0,0,0,0
No.615,0,0,0,0,0,0,0,4,0,0,0,0,0,0,0,0
No.616,0,0,0,0,0,0,0,0,0,0,0,0,0,0,0,0
No.617,0,0,0,0,0,0,0,0,0,0,0,0,0,0,0,0
No.618,0,0,0,0,0,0,0,0,0,0,0,0,0,0,0,0
No.619,0,0,0,0,0,0,0,0,0,0,0,0,0,0,0,0
No.620,0,0,0,0,0,0,0,0,0,0,0,0,0,0,0,1
No.621,0,0,0,0,0,0,0,0,0,0,0,0,0,0,0,0
No.622,0,0,0,0,0,0,0,0,0,0,0,0,0,0,0,0
No.623,0,0,0,0,0,0,0,0,0,0,0,0,0,0,0,0
No.624,0,0,0,0,0,0,0,0,0,0,0,0,0,0,0,0
No.625,0,0,0,0,0,0,0,0,0,0,0,0,0,0,0,0
No.626,0,0,0,0,0,0,0,0,0,0,0,0,0,0,0,0
No.627,0,0,0,0,0,0,0,0,0,0,0,0,0,0,0,0
No.628,0,0,0,0,0,0,0,0,0,0,0,0,0,0,0,0
No.629,0,0,0,0,0,0,0,0,0,0,0,0,0,0,0,0
No.630,0,0,0,0,0,0,0,0,0,0,0,0,0,0,0,0
No.631,0,0,0,0,0,0,0,0,0,0,0,0,0,0,0,0
No.632,0,0,0,0,0,0,0,0,0,0,0,0,0,0,0,0
No.633,0,0,0,0,0,0,0,0,0,0,0,0,0,0,0,1
No.634,0,0,0,0,0,0,0,0,0,0,0,0,0,0,0,0
No.635,0,0,0,0,0,0,0,0,0,0,0,0,0,0,0,0
No.636,0,0,0,0,0,0,0,0,0,0,0,0,0,0,0,0
No.637,0,0,0,0,0,0,0,0,0,0,0,0,0,0,0,0
No.638,0,0,0,0,0,0,0,0,0,0,0,0,0,0,0,0
No.639,0,0,0,0,0,0,0,0,0,0,0,0,0,0,0,0
No.640,0,0,0,0,0,0,0,0,0,0,0,0,0,0,0,0
No.642,0,0,0,0,0,0,0,0,0,0,0,0,0,0,0,0
No.643,0,0,0,0,0,0,0,0,0,0,0,0,0,0,0,0
No.644,0,0,0,0,0,0,0,0,0,0,0,0,0,0,0,0
No.645,0,0,0,0,0,0,0,0,0,0,0,0,0,0,0,0
No.646,0,0,0,0,0,0,0,0,0,0,0,0,0,0,0,0
No.647,0,0,0,0,0,0,0,0,0,0,0,0,0,0,0,0
No.648,0,0,0,0,0,0,0,0,0,0,0,0,0,0,0,0
No.649,0,0,0,0,0,0,0,0,0,0,0,0,0,0,0,0
No.650,0,0,0,0,0,0,0,0,0,0,0,0,0,0,0,0
No.651,0,0,0,0,0,0,0,0,0,0,0,0,0,0,0,0
No.652,0,0,0,0,0,0,0,0,0,0,0,0,0,0,0,0
No.653,0,0,0,0,0,0,0,0,0,0,0,0,0,0,0,0
No.654,0,0,0,0,0,0,0,0,0,0,0,0,0,0,0,0
No.655,0,0,0,0,0,0,0,0,0,0,0,0,0,0,0,0
No.656,0,0,0,0,0,0,0,0,0,0,0,0,0,0,0,0
No.657,0,0,0,0,0,0,0,0,0,0,0,0,0,0,0,0
No.658,0,0,0,0,0,0,0,0,0,0,0,0,0,0,0,0
No.659,0,0,0,0,0,0,0,0,0,0,0,0,0,0,0,0
No.660,0,0,0,0,0,0,0,0,0,0,0,0,0,0,0,0
No.661,0,0,0,0,0,0,0,0,0,0,0,0,0,0,0,0
No.662,0,0,0,0,0,0,0,0,0,0,0,0,0,0,0,0
No.663,0,0,0,0,0,0,0,0,0,0,0,0,0,0,0,0
No.664,0,0,0,0,0,0,0,0,0,0,0,0,0,0,0,0
No.665,0,0,0,0,0,0,0,0,0,0,0,0,0,0,0,0
No.666,0,0,0,0,0,0,0,0,0,0,0,0,0,0,0,0
No.667,0,0,0,0,0,0,0,0,0,0,0,0,0,0,0,0
No.668,0,0,0,0,0,0,0,0,0,0,0,0,0,0,0,0
No.669,0,0,0,0,0,0,0,0,0,0,0,0,0,0,0,0
No.670,0,0,0,0,0,0,0,0,0,0,0,0,0,0,0,0
No.671,0,0,0,0,0,0,0,0,0,0,0,0,0,0,0,0
No.672,0,0,0,0,0,0,0,0,0,0,0,0,0,0,0,0
No.673,0,0,0,0,0,0,0,0,0,0,0,0,0,0,0,0
No.675,0,0,0,0,0,0,0,0,0,0,0,0,0,0,0,0
No.676,0,0,0,0,0,0,0,0,0,0,0,0,0,0,0,0
No.677,0,0,0,0,0,0,0,0,0,0,0,0,0,0,0,0
No.678,0,0,0,0,0,0,0,0,0,0,0,0,0,0,0,0
No.679,0,0,0,0,0,0,0,0,0,0,0,0,0,0,0,0
No.680,0,0,0,0,0,0,0,0,0,0,0,0,0,0,0,0
No.681,0,0,0,0,0,0,0,0,0,0,0,0,0,0,0,0
No.682,0,0,0,0,0,0,0,0,0,0,0,0,0,0,0,0
No.683,0,0,0,0,0,0,0,0,0,0,0,0,0,0,0,0
No.684,0,0,0,0,0,0,0,0,0,0,0,0,0,0,0,0
No.685,0,0,0,0,0,0,0,0,0,0,0,0,0,0,0,0
No.686,0,0,0,0,0,0,0,0,0,0,0,0,0,0,0,0
No.687,0,0,0,0,0,0,0,0,0,0,0,0,0,0,0,0
No.688,0,0,0,0,0,0,0,0,0,0,0,0,0,0,0,0
No.689,0,0,0,0,0,0,0,0,0,0,0,0,0,0,0,0
No.690,0,0,0,0,0,0,0,0,0,0,0,0,0,0,0,0
No.691,0,0,0,0,0,0,0,0,0,0,0,0,0,0,0,0
No.692,0,0,0,0,0,0,0,0,0,0,0,0,0,0,0,0
No.693,0,0,0,0,0,0,0,0,0,0,0,0,0,0,0,0
No.694,0,0,0,0,0,0,0,0,0,0,0,0,0,0,0,0
No.695,0,0,0,0,0,0,0,0,0,0,0,0,0,0,0,0
No.696,0,0,0,0,0,0,0,0,0,0,0,0,0,0,0,0
No.697,0,0,0,0,0,0,0,0,0,0,0,0,0,0,0,0
No.698,0,0,0,0,0,0,0,0,0,0,0,0,0,0,0,0
No.699,0,0,0,0,0,0,0,0,0,0,0,0,0,0,0,0
No.700,0,0,0,0,0,0,0,0,0,0,0,0,0,0,0,0
No.701,0,0,0,0,0,0,0,0,0,0,0,0,0,0,0,0
No.702,0,0,0,0,0,0,0,0,0,0,0,0,0,0,0,0
No.703,0,0,0,0,0,0,0,0,0,0,0,0,0,0,0,0
No.704,0,0,0,0,0,0,0,0,0,0,0,0,0,0,0,0
No.705,0,0,0,0,0,0,0,0,0,0,0,0,0,0,0,0
No.706,0,0,0,0,0,0,0,0,0,0,0,0,0,0,0,0
No.707,0,0,0,0,0,0,0,0,0,0,0,0,0,0,0,0
No.708,0,0,0,0,0,0,0,0,0,0,0,0,0,0,0,0
No.709,0,0,0,0,0,0,0,0,0,0,0,0,0,0,0,0
No.710,0,0,0,0,0,0,0,0,0,0,0,0,0,0,0,0
No.711,0,0,0,0,0,0,0,0,0,0,0,0,0,0,0,0
No.712,0,0,0,0,0,0,0,0,0,0,0,0,0,0,0,0
No.713,0,0,0,0,0,0,0,0,0,0,0,0,0,0,0,0
No.714,0,0,0,0,0,0,0,0,0,0,0,0,0,0,0,0
No.715,0,0,0,0,0,0,0,0,0,0,0,0,0,0,0,0
No.716,0,0,0,0,0,0,0,0,0,0,0,0,0,0,0,0
No.717,0,0,0,0,0,0,0,0,0,0,0,0,0,0,0,0
No.718,0,0,0,0,0,0,0,0,0,0,0,0,0,0,0,0
No.719,0,0,0,0,0,0,0,0,0,0,0,0,0,0,0,0
No.720,0,0,0,0,0,0,0,0,0,0,0,0,0,0,0,0
No.721,0,0,0,0,0,0,0,0,0,0,0,0,0,0,0,0
No.722,0,0,0,0,0,0,0,0,0,0,0,0,0,0,0,0
No.723,0,0,0,0,0,0,0,0,0,0,0,0,0,0,0,0
No.724,0,0,0,0,0,0,0,0,0,0,0,0,0,0,0,0
No.725,0,0,0,0,0,0,0,0,0,0,0,0,0,0,0,0
No.726,0,0,0,0,0,0,0,0,0,0,0,0,0,0,0,0
No.727,0,0,0,0,0,0,0,0,0,0,0,0,0,0,0,0
No.728,0,0,0,0,0,0,0,0,0,0,0,0,0,0,0,0
No.729,0,0,0,0,0,0,0,0,0,0,0,0,0,0,0,0
No.731,0,0,0,0,0,0,0,0,0,0,0,0,0,0,0,0
No.732,0,0,0,0,0,0,0,0,0,0,0,0,0,0,0,0
No.734,0,0,0,0,0,0,0,0,0,0,0,0,0,0,0,0
No.736,0,0,0,0,0,0,0,0,0,0,0,0,0,0,0,0
No.737,0,0,0,0,0,0,0,0,0,0,0,0,0,0,0,0
No.738,0,0,0,0,0,0,0,0,0,0,0,0,0,0,0,0
No.739,0,0,0,0,0,0,0,0,0,0,0,0,0,0,0,0
No.747,0,0,0,0,0,0,0,0,0,0,0,0,0,0,0,0
No.748,0,0,0,0,0,0,0,0,0,0,0,0,0,0,0,0
No.749,0,0,0,0,0,0,0,0,0,0,0,0,0,0,0,0
No.750,0,0,0,0,0,0,0,0,0,0,0,0,0,0,0,0
No.751,0,0,0,0,0,0,0,0,0,0,0,0,0,0,0,0
No.752,0,0,0,0,0,0,0,0,0,0,0,0,0,0,0,0
No.753,0,0,0,0,0,0,0,0,0,0,0,0,0,0,0,0
No.754,0,0,0,0,0,0,0,0,0,0,0,0,0,0,0,0
No.755,0,0,0,0,0,0,0,0,0,0,0,0,0,0,0,0
No.757,0,0,0,0,0,0,0,0,0,0,0,0,0,0,0,0
No.758,0,0,0,0,0,0,0,0,0,0,0,0,0,0,0,0
No.759,0,0,0,0,0,0,0,0,0,0,0,0,0,0,0,0
No.760,0,0,0,0,0,0,0,0,0,0,0,0,0,0,0,0
No.761,0,0,0,0,0,0,0,0,0,0,0,0,0,0,0,0
No.763,0,0,0,0,0,0,0,0,0,0,0,0,0,0,0,0
No.764,0,0,0,0,0,0,0,0,0,0,0,0,0,0,0,0
No.766,0,0,0,0,0,0,0,0,0,0,0,0,0,0,0,0
No.767,0,0,0,0,0,0,0,0,0,0,0,0,0,0,0,0
No.768,0,0,0,0,0,0,0,0,0,0,0,0,0,0,0,0
No.769,0,0,0,0,0,0,0,0,0,0,0,0,0,0,0,0
No.770,0,0,0,0,0,0,0,0,0,0,0,0,0,0,0,0
No.772,0,0,0,0,0,0,0,0,0,0,0,0,0,0,0,0
No.773,0,0,0,0,0,0,0,0,0,0,0,0,0,0,0,0
No.774,0,0,0,0,0,0,0,0,0,0,0,0,0,0,0,0
No.775,0,0,0,0,0,0,0,0,0,0,0,0,0,0,0,0
No.777,0,0,0,0,0,0,0,0,0,0,0,0,0,0,0,0
No.778,0,0,0,0,0,0,0,0,0,0,0,0,0,0,0,0
